Test,Accuracy,F1 Score,Num Commits
test10,73.42%,0.3990305548342422,26124
test1,79.25%,0.17346740691850757,102635
test2,83.02%,0.038263300428059754,64837
test3,75.4%,0.34195764664956296,61532
test4,84.0%,0.0577623590633131,67932
test5,76.23%,0.24044373162256083,47835
test6,80.01%,0.2778745644599303,41489
test7,70.83%,0.10500772115596735,27825
test8,61.36%,0.10370497623546927,81024
test9,73.7%,0.13647463322198128,168135
Overall,75.55%,0.1873986894589595,689368
