Test,Accuracy,F1 Score,Num Commits
test10,73.7%,0.3948157291482983,26100
test1,79.33%,0.1754317722109849,102600
test2,83.09%,0.03769284712482469,64955
test3,75.59%,0.3429996063508726,61537
test4,83.84%,0.0564155486756106,67919
test5,78.12%,0.2505910165484634,47823
test6,79.56%,0.26762266758811337,41481
test7,71.28%,0.09335154826958107,27732
test8,61.63%,0.1086320619443648,81013
test9,73.48%,0.128705712219812,168126
Overall,75.68%,0.1856258510080926,689286
