Test,Accuracy,F1 Score,Num Commits
test5,63.79%,0.3694884398325141,47835
test6,61.33%,0.36367963822444366,41489
test7,54.13%,0.36996445497630326,27825
Overall,60.62%,0.36771084434442036,117149
