Test,Accuracy,F1 Score,Num Commits
test5,63.63%,0.2794513736377574,47823
test6,62.63%,0.34055226992298854,41481
test7,66.24%,0.2807314074984634,27732
Overall,63.89%,0.30024501701973644,117036
